མཚན་བྱང་།,ཤོག་གྲངས།,1,མཆན་གྲངས།,པར་མ།,མཆན།,,
༄༅། །སྲིད་པ་ལས་འདས་པའི་གཏམ།,453,2,1,,མཚན་བྱང་འདི་ཆོས་ཚན་འདིའི་མཚན་བོད་སྐད་དུ་སྨོས་པ་ལྟར་བཀོད་ཅིང་།《པེ་》《སྣར་》ལ་སྲིད་པ་ལས་འདས་པ་ཞེས་བྱ་བ་བཞུགས་སོ། །ཞེས་འཁོད།,,
,,3,2,《པེ་》《སྣར་》,བྷ།,,
,,4,3,《སྣར་》,mལོ།,,
,,5,4,《པེ་》《སྣར་》,ཀྱི།,,
,,6,5,《པེ་》《སྣར་》,འཇིགས།,,
,,7,6,《པེ་》《སྣར་》,ཡིན།,,
,,8,7,《པེ་》《སྣར་》,འཁྱམ།,《ཅོ་》,འབྱམས།
,454,9,1,《པེ་》《སྣར་》,བྱུང་།,,
,,10,2,《པེ་》《སྣར་》,རྣམ།,,
,,11,3,《པེ་》《སྣར་》,རིགས།,,
,455,12,1,《པེ་》《སྣར་》,ཐཱ།,,
