མཚན་བྱང་།,ཤོག་གྲངས།,,1,མཆན་གྲངས།,པར་མ།,མཆན།,པར་གྲངས།
༄༅། །གཏན་ཚིགས་ཀྱི་འཁོར་ལོ་གཏན་ལ་དབབ་པ།,465,1,2,1, ,མཚན་བྱང་འདི་ཆོས་ཚན་འདིའི་མཚན་བོད་སྐད་དུ་སྨོས་པ་ལྟར་བཀོད་ཅིང། 《པེ་》《སྣར་》ལ་ཕྱོགས་ཆོས་དགུའི་འཁོར་ལོ་བཞུགས་སོ། །ཞེས་འཁོད།,
,,2,3,2,《པེ་》《སྣར་》,p༄། །སྒྲ་ནི་རྟག་སྟེ་གཞལ་བྱ་ཡིན་པའི་ཕྱིར་ནམ་མཁའ་བཞིན་དང་བུམ་པ་བཞིན་ནོ། །མཐུན་པའི་ཕྱོགས་ཐམས་ཅད་ལ་ཡོད་དོ། །དངོས་ཀྱི་མ་ངེས་པ་ཡིན་པར་བཤད།༅། སྒྲ་ནི་རྟག་སྟེ་བྱས་པའི་ཕྱིར་ནམ་མཁའ་བཞིན་དང་བུམ་པ་བཞིན་ནོ། །མཐུན་པའི་ཕྱོགས་ལ་མེད་མི་མཐུན་པའི་ཕྱོགས་ལ་ཡོད་འགལ་བའི་གཏན་ཚིགས་ཡིན་པར་བཤད། ༅། །སྒྲ་ནི་རྩོལ་བ་ལས་བྱུང་སྟེ་མི་རྟག་པའི་ཕྱིར་གློག་བཞིན་དང་ནམ་མཁའ་བུམ་པ་བཞིན་མཐུན་པའི་ཕྱོགས་ལ་གཉིས་ཀའི་མཐུན་པའི་ཕྱོགས་ཐམས་ཅད་ལ་ཡོད་དེ་དངོས་ཀྱིའོ། །༄། །སྒྲ་ནི་མི་རྟག་སྟེ་བྱས་པའི་ཕྱིར་བུམ་པ་དང་ནམ་མཁའ་བཞིན་མཐུན་ཕྱོགས་ལ་ཡོད་མི་མཐུན་ཕྱོགས་ལ་མེད་རྟགས་ཡང་དག་ཡིན་ནོ་ཨང།༄། །སྒྲ་ནི་རྟག་སྟེ་མཉན་བྱ་ཡིན་པའི་ཕྱིར་ནམ་མཁའ་བཞིན་ནོ་མཐུན་པའི་ཕྱོགས་ལ་མེད་མི་མཐུན་པའི་ཕྱོགས་ལ་ཡོད་ཐུན་མོང་མ་ཡིན་པའི་གཏན་ཚིགས་སོ། །༄། །སྒྲ་ནི་རྟག་སྟེ་རྩོལ་བ་ལས་བྱུང་བའི་ཕྱིར་བུམ་པ་གློག་དང་ནམ་མཁའ་བཞིན་མཐུན་པའི་ཕྱོགས་གཉིས་ཀ་མི་མཐུན་པའི་ཕྱོགས་ལ་མེད་ཡང་དག་གོ། །༅། །སྒྲ་ནི་རྩོལ་བ་ལས་བྱུང་སྟེ། མི་རྟག་པའི་ཕྱིར་བུམ་པ་དང་གློག་དང་ནམ་མཁའ་བཞིན་མཐུན་པའི་ཕྱོགས་ཐམས་ཅད་ལ་ཡོད་མི་མཐུན་པའི་ཕྱོགས་གཉིས་ཀ་དངོས་ཀྱི་མེད་པ་ཡིན་པར་བཤད། ༅། །སྒྲ་ནི་རྟག་སྟེ་རྩོལ་བ་ལས་བྱུང་བའི་ཕྱིར་ནམ་མཁའ་བཞིན་དང་བུམ་པ་དང་གློག་བཞིན་ནོ། །འགལ་བའི་གཏན་ཚིགས་ཡིན་པར་བཤད། ༅། སྒྲ་ནི་རྟག་སྟེ་ལུས་ཅན་མ་ཡིན་པའི་ནམ་མཁའ་དང་རྡུལ་ཕྲན་དང་ལས་དང་བུམ་པ་བཞིན་མཐུན་པའི་ཕྱོགས་གཉིས་ཀ་མི་མཐུན་པའི་ཕྱོགས་ལ་དངོས་གཉིས་ཀྱིའོ། །,
,,༅། །སྒྲ་ནི་མི་རྟག་སྟེ་བྱས་པའི་ཕྱིར་བུམ་པ་དང་ནམ་མཁའ་བཞོིན་མཐུན་ཕྱོགས་ལ་ཡོད་མི་མཐུན་ཕྱོགས་ལ་མེད་རྟགས་ཡང་དག་ཡིན་ནོ་ཨང། ,4,3,《པེ་》《སྣར་》,མ་རུ།,
,,༅། །སྒྲ་ནི་རྟག་སྟེ་མཉན་བྱ་ཡིན་པའི་ཕྱིར་ནམ་མཁའ་བཞིན་ནོ་མཐུན་པའི་ཕྱོགས་ལ་མེད་མི་མཐུན་པའི་ཕྱོགས་ལ་ཡོད་ཐུན་མོང་མ་ཡིན་པའི་གཏན་ཚིགས་སོ། །,5,4,《པེ་》《སྣར་》,ཁོ་བོ།,
,,༅། །སྒྲ་ནི་རྟག་སྟེ་རྩོལ་བ་ལས་བྱུང་བའི་ཕྱིར་བུམ་པ་གློག་དང་ནམ་མཁའ་བཞིན། མཐུན་པའི་ཕྱོགས་གཉིས་ཀ་མི་མཐུན་པའི་ཕྱོགས་ལ་མེད་ཡང་དག་གོ །,6,5,《པེ་》《སྣར་》,ཡིན་ཏེ།,
,,,7,6,《པེ་》《སྣར་》,ཡིན།,
,466,3,8,1,《པེ་》《སྣར་》,ལས་མིན་རྟག,
,,4,9,2,《སྣར་》,རྩོལ།,
,,5,10,3,《པེ་》《སྣར་》,རྟག,
,,6,11,4,《པེ་》《སྣར་》,ཐད་དང།,
,,1,12,5,《པེ་》《སྣར་》,ན།,
,,2,13,6,《སྣར་》,ཡི། དེའི།,
,,3,14,7,《པེ་》《སྣར་》,མཁའ་བུམ།,
,,4,15,8,《པེ་》《སྣར་》,སྦྱར།,
,,5,16,9,《པེ་》《སྣར་》,དགུ་ཡིས་འཁོར་ལོ་ནི།,
,,6,17,10,《པེ་》《སྣར་》,mགྱི།,
,,7,18,11,《པེ་》《སྣར་》,ཨ་ཤོ།,
,,8,19,12,《པེ་》《སྣར་》,pརྟག་དང་མི་རྟག་རྩོལ་བྱུང་དང། །བར་དུ་རྟག་པ་རྣམ་གསུམ་དང། །རྩོལ་བྱུང་མིན་དང་མི་རྟག་རྟག །དགུ་པོ་དེ་ནི་བསྒྲུབ་བྱའི་ཆོས། །གཞལ་བྱ་བྱས་དང་མི་རྟག་དང། །བྱས་དང་མཉན་བྱ་རྩོལ་ལས་བྱུང། །མི་རྟག་རྩོལ་བྱུང་རེག་བྱ་མིན། །དགུ་པོ་འདི་ནི་རྟགས་རྣམས་ཡིན། །དང་པོ་གསུམ་པོ་མཐུན་ཕྱོགས་ལ། །ཡོད་པ་གཞིར་བཞག་མི་མཐུན་ལ། །ཁྱབ་བྱེད་གཏན་མེད་གཉིས་པའོ། །བར་བ་རྣམ་གསུམ་མཐུན་ཕྱོགས་ལ། །མེད་པ་གཞིར་བྱས་མི་མཐུན་ལ། །ཁྱབ་དང་མི་མཐུན་རྣམ་གཉིས་པའོ། །འོག་མ་གསུམ་པོ་མཐུན་ཕྱོགས་ལ། །རྣམ་པ་གཉིས་པ་བཞིར་བྱས་ནས། །མི་མཐུན་ཕྱོགས་ལ་ཁྱབ་པ་དང། །གཏན་མེད་རྣམ་པ་གཉིས་པ་ཡིན། །རིམ་པ་བཞིན་དུ་གོ་བར་མཛོད། །ཟུར་གཞི་དངོས་ཀྱི་མ་ངེས་པ། །ལོགས་གཉིས་ལ་ནི་འགལ་རྟགས་ཏེ། །དབུས་ཀྱི་དབུས་ནི་ཐུན་མོང་མིན། །དབུས་ཀྱི་ཐོག་མཐའ་ཡང་དག་དགོད། །བློ་གྲོས་བློའི་ཁྱོན་དུ་འཁུམས་པར་མཛོད།།  །།,
,,9,,,,,
,,10,,,,,
,,11,,,,,
,,12,,,,,
