བར་འགྱུར་བ་དེ་རྣམ་པ་,དུ་,ཞིག་གིས་ཤེས་རབ་,2320,ཤེར་ཕྱིན། ང་།.txt
བསྟན་ནསབརྩོན་པ་ལ་རྣམ་པ་,དུ་,ཡོད་སྙམ་པ་ལ་,1685,ཤེར་ཕྱིན། ཕ།.txt
ཤེས་པས་བས་པར་བགྱི་བའི་,དུ་,སློབ་ན་རྣམ་པ་,700,ཤེར་ཕྱིན། ཅ།.txt
,,,,
ཟླ་ཇི་ལྟ་བ་དང༌ཉེ་,,གང་ཡང་རུང་བ་,216,ཤེར་ཕྱིན། ཀ.txt
འབྱུང་གནས་དཔལ་ལྡན་ཊཱི་ཀ་,,ཀའི་གཙུག་ལག་ཁང་,8809,ཤེར་ཕྱིན། ཆ།.txt
ཟླ་ཇི་ལྟ་བ་དང༌ཉེ་,,གང་ཡང་རུང་བ་,153,ཤེར་ཕྱིན། ཁ།.txt
དང་སྡང་སྡོང་བུའི་སྐད་ཅིག་,,ཏུ་གྱུར་པ་དེའི་,6866,ཤེར་ཕྱིན། ཆ།.txt
མ་དང་མཛའ་བཤེས་དང་ཉེ་,,དག་གིས་ཁྱེའུ་དེ་,665,ཤེར་ཕྱིན། ཕ།.txt
ཡིནསྲིང་མོ་ལ་ཡང་མ་ཡིནཉེ་,,དང་སྣག་གི་གཉེན་,227,ཤེར་ཕྱིན། ཀ.txt
མཛའ་བཤེས་དང༌གྲོགས་དང༌ཉེ་,,དང༌སྣག་གི་གཉེན་,6299,ཤེར་ཕྱིན། ཆ།.txt
མཛའ་བོ་དང༌གྲོགས་དང༌ཉེ་,,དང༌སྣག་གི་གཉེན་,6301,ཤེར་ཕྱིན། ཆ།.txt
བྱའོ་ཞེས་བྱ་བ་ནས་ཉེ་,,དང་སྣག་གི་གཉེན་,4155,ཤེར་ཕྱིན། ཕ།.txt
བཤེས་དང༌བློན་པོ་དང་ཉེ་,,དང༌སྣག་གི་གཉེན་,1326,ཤེར་ཕྱིན། ང་།.txt
ཡིནསྲིང་མོ་ལ་ཡང་མ་ཡིནཉེ་,,དང༌སྣག་གི་གཉེན་,163,ཤེར་ཕྱིན། ཁ།.txt
ཕུང་པོ་བཞིན་,,དུ་མ་ཉིད,2812,ཤེར་ཕྱིན། མ།.txt
སྐྱེད་པར་བྱེད་ལདེ་བཞིན་,,དུ་མ་སྐྱེད་པར་བྱེད་,8679,ཤེར་ཕྱིན། ཆ།.txt
རྣམ་པའི་ངོ་བོ་བཞིན་,,དུ་མའི་བདག་ཉིད,2871,ཤེར་ཕྱིན། མ།.txt
སྤྲིན་དང་ཁུག་རྣ་,,བ་དང་་,147,བསྟོད་ཚོགས། ཀ.txt
མེ་ལ་དབང་ཐོབ་པ་ནི་,,བ་འཐུལ་བ་དང༌,3946,ཤེར་ཕྱིན། ཁ།.txt
ཟད་པར་མེའི་དབང་གིས་ནི་,,བ་འཐུལ་བའམ་མེ་,3815,ཤེར་ཕྱིན། ཀ.txt
ཆོས་མི་མཐུན་པ་ནི་,,བ་ལ་སོགས་པ་,189,ཤེར་ཕྱིན། མ།.txt
རྫོགས་པར་ཡོད་པ་ཅན་གྱི་,,བ་ལ་སོགས་པ་,2116,ཤེར་ཕྱིན། ཆ།.txt
ཆོས་མི་མཐུན་པ་ནི་,,བ་ལ་སོགས་པའི་,2119,ཤེར་ཕྱིན། ཆ།.txt
པའི་ཕྱིར་ཏེམེ་ཡི་འབྲས་བུ་,,བ་སྟེ་,5132,ཤེར་ཕྱིན། ཇ།.txt
དུ་ནགས་ཀྱི་མེ་འབར་བའི་,,བའི་རྩེ་མོ་ལ་,3909,ཤེར་ཕྱིན། ཁ།.txt
ཁྱབ་པའོ་ཞེས་བྱ་བ་ནི་,,བས་མེ་མཚོན་པ་,3711,ཤེར་ཕྱིན། ཕ།.txt
པ་སྣ་ཚོགས་པ་རྣམ་པ་,,མ་གཟུགས་མཚན་ཉིད་,619,ཤེར་ཕྱིན། ཇ།.txt
པར་བསྐུལ་བའི་སྒྲ་རྣམ་པ་,,མ་གསན་ཏོ་,280,ཤེར་ཕྱིན། ཕ།.txt
པར་བྱ་དཀའ་བ་བརྒྱ་ཕྲག་,,མ་གོམས་པར་མཛད་,3801,ཤེར་ཕྱིན། མ།.txt
སྣ་ཚོགས་ཅན་དང་མོས་པ་,,མ་ཅན་ཡང་དག་,4043,ཤེར་ཕྱིན། ག.txt
འོ་ན་རྣམ་པར་ཤེས་པ་,,མ་ཅིག་ཅར་ཡོད་,1496,ཤེར་ཕྱིན། མ།.txt
ཡང་བརྗོད་པར་བྱ་སྟེཤེས་པ་,,མ་ཅིག་ཅར་སྐྱེ་,5995,ཤེར་ཕྱིན། ཆ།.txt
འཕྲུལ་གྱི་རྐང་པ་རྣམ་པ་,,མ་ཉམས་སུ་མྱོང་,1377,ཤེར་ཕྱིན། ག.txt
ལྡན་པས་རྫུ་འཕྲུལ་རྣམ་པ་,,མ་ཉམས་སུ་མྱོང་,1743,ཤེར་ཕྱིན། ཅ།.txt
འདྲ་བར་རྣམ་པར་ཤེས་པ་,,མ་ཉིད,5983,ཤེར་ཕྱིན། ཆ།.txt
ཅིག་ཅར་རྣམ་པར་ཤེས་པ་,,མ་ཉིད,6052,ཤེར་ཕྱིན། ཆ།.txt
ན་ནི་རྣམ་པར་ཤེས་པ་,,མ་ཉིད,8652,ཤེར་ཕྱིན། ཆ།.txt
ཇི་ལྟར་ན་གཅིག་པུ་,,མ་ཉིད,5882,ཤེར་ཕྱིན། ཇ།.txt
བ་གསུངས་ཏེགཉིས་སུ་བྱ་བ་,,མ་ཉིད་གང་ལ་,2315,ཤེར་ཕྱིན། ཆ།.txt
ཏུ་གྲུབ་པར་རྟོག་ན་ནི་,,མ་ཉིད་ཉམས་པ་,192,ཤེར་ཕྱིན། ཉ།.txt
མི་དད་པའི་ཕྱིར་ཤེས་པ་,,མ་ཉིད་དང་ཤེས་,8658,ཤེར་ཕྱིན། ཆ།.txt
རྣམ་པ་,,མ་ཉིད་ནི་ཡུལ་,781,ཤེར་ཕྱིན། ཉ།.txt
གཅིག་ལ་རྣམ་པ་,,མ་ཉིད་འགལ་བ་,5322,ཤེར་ཕྱིན། ཆ།.txt
པར་བྱ་བའི་ལུས་ཅན་རྣམས་,,མ་ཉིད་འདོར་བ་,5301,ཤེར་ཕྱིན། ཆ།.txt
འོན་ཏེ་རྒྱུ་,,མ་ཉིད་འབྲས་བུ་,8647,ཤེར་ཕྱིན། ཆ།.txt
དེ་ཡོངས་སུ་མནར་བའི་སྒོ་,,མ་ཉིད་ཡོངས་སུ་,2402,ཤེར་ཕྱིན། མ།.txt
ལ་སྒྲའི་རྣམ་པར་རིག་པ་,,མ་ཉེ་བར་གནས་,2901,ཤེར་ཕྱིན། ཕ།.txt
ཀྱིས་སྐྱེས་པའི་རབས་རྣམ་པ་,,མ་ཉེ་བར་བསྟན་,363,ཤེར་ཕྱིན། ཕ།.txt
ཡིན་ཏེཤེས་པ་གཅིག་དངོས་པོ་,,མ་ཉེ་བར་འཛིན་,5321,ཤེར་ཕྱིན། ཆ།.txt
ཡང་དག་པར་ན་ནུས་པ་,,མ་ཐ་མི་དད་,6052,ཤེར་ཕྱིན། ཆ།.txt
མེད་གྲངས་མེད་པ་སྟོང་ཕྲག་,,མ་ཐོབ་པས་ན་,209,ཤེར་ཕྱིན། ཕ།.txt
ལས་འོད་འཕྲོ་བ་ཁ་དོག་,,མ་དང༌ཁ་དོག་,1578,ཤེར་ཕྱིན། ག.txt
ཚོགས་དང༌འཇིག་རྟེན་གྱི་ཁམས་,,མ་དང༌དབང་པོ་,2477,ཤེར་ཕྱིན། ཇ།.txt
ཚེ་ཡང་དག་པའི་རྣམ་པ་,,མ་དང་དེ་མི་,5983,ཤེར་ཕྱིན། ཆ།.txt
པོ་དང་དངོས་པོ་མེད་པ་,,མ་དང་བྲལ་བ་,5442,ཤེར་ཕྱིན། ཆ།.txt
པའི་མཚན་ཉིད་ཀྱིས་མེད་པ་,,མ་དང་བྲལ་བ་,5442,ཤེར་ཕྱིན། ཆ།.txt
སྟོང་ཕྲག་,,མ་དང༌བསྐལ་པ་,1427,ཤེར་ཕྱིན། ག.txt
སངས་རྒྱས་ཞམ་འབྲིང་བརྒྱ་ཕྲག་,,མ་དང༌ཞམ་འབྲིང་,410,ཤེར་ཕྱིན། ཅ།.txt
སྟོང་ཕྲག་,,མ་དང༌ཞམ་འབྲིང་,410,ཤེར་ཕྱིན། ཅ།.txt
བརྒྱ་སྟོང་ཕྲག་,,མ་དང༌ཞམ་འབྲིང་,410,ཤེར་ཕྱིན། ཅ།.txt
བྱེ་བ་ཕྲག་,,མ་དང༌ཞམ་འབྲིང་,410,ཤེར་ཕྱིན། ཅ།.txt
བྱེ་བ་བརྒྱ་ཕྲག་,,མ་དང༌ཞམ་འབྲིང་,410,ཤེར་ཕྱིན། ཅ།.txt
བྱེ་བ་བརྒྱ་སྟོང་ཕྲག་,,མ་དང༌ཞམ་འབྲིང་,410,ཤེར་ཕྱིན། ཅ།.txt
ཀྱི་དོན་ནིའཁོར་བརྒྱ་སྟོང་ཕྲག་,,མ་དང་ཞེས་བྱ་,7179,ཤེར་ཕྱིན། ཆ།.txt
བྱེད་ཀྱི་ལྷའི་བུ་སྟོང་ཕྲག་,,མ་དང་འགྲོགས་ཏེབཅོམ་,2090,ཤེར་ཕྱིན། ང་།.txt
ཅད་ཀྱང་ལྷའི་བུ་སྟོང་ཕྲག་,,མ་དང་ལྷན་ཅིག་,107,ཤེར་ཕྱིན། ང་།.txt
པ་བཞིས་སེམས་ཅན་བརྒྱ་ཕྲག་,,མ་དང༌སེམས་ཅན་,3277,ཤེར་ཕྱིན། ང་།.txt
སྟོང་ཕྲག་,,མ་དང༌སེམས་ཅན་,3277,ཤེར་ཕྱིན། ང་།.txt
བརྒྱ་དང༌བསྐལ་པ་བརྒྱ་ཕྲག་,,མ་ནས་བསྐལ་པ་,1427,ཤེར་ཕྱིན། ག.txt
མེད་པའི་ངོ་བོར་སྣང་བའི་,,མ་ནི་གཅིག་ཏུ་,190,ཤེར་ཕྱིན། ཉ།.txt
རིམ་པས་རྣམ་པར་རྟོག་པ་,,མ་ནི་སེམས་ཀྱི་,1071,ཤེར་ཕྱིན། ཇ།.txt
པ་གསུངས་ཏེདཔེར་ན་འཇིགས་པ་,,མ་ཕལ་པོ་ཆེའི་,779,ཤེར་ཕྱིན། ཇ།.txt
པ་སྣ་ཚོགས་ནི་བྱ་བ་,,མ་བྱེད་ཅིང་སྤྲུལ་,1158,ཤེར་ཕྱིན། ཇ།.txt
གཅིག་པུ་ཁོ་ནས་འབྲས་བུ་,,མ་བྱེད་དོ་ཞེས་,8666,ཤེར་ཕྱིན། ཆ།.txt
པོ་ཡིན་ན་ཡང་འབྲས་བུ་,,མ་བྱེད་པ་དེ་,8668,ཤེར་ཕྱིན། ཆ།.txt
པ་རྒྱུ་གཅིག་གིས་འབྲས་བུ་,,མ་བྱེད་པར་སྨྲས་,141,ཤེར་ཕྱིན། མ།.txt
འདས་པས་ཁ་དོག་རྣམ་པ་,,མ་བརྩེགས་པའི་རྒྱུ་,2325,ཤེར་ཕྱིན། ཕ།.txt
ནམས་དང༌ཡེ་ཤེས་ཀྱི་ཚོགས་,,མ་བསྐྱེད་ན་རྣམ་,4845,ཤེར་ཕྱིན། ཕ།.txt
ཅན་གྱི་ཁམས་དོན་རྣམ་པ་,,མ་བསྒྲུབས་ནས་དེའི་,912,ཤེར་ཕྱིན། ཕ།.txt
འབྱེད་པའི་ཆ་དང་མཐུན་པ་,,མ་བསྟན་པ་ལས་,4310,ཤེར་ཕྱིན། ཁ།.txt
བྱ་བ་ནས་བརྩམས་ཏེསངས་རྒྱས་,,མ་བསྟེན་པར་བྱའོ་,1852,ཤེར་ཕྱིན། ཁ།.txt
སྟོབས་དང༌འཇིག་རྟེན་གྱི་ཁམས་,,མ་མཁྱེན་པའི་སྟོབས་,4795,ཤེར་ཕྱིན། ཆ།.txt
བ་ཁྲག་ཁྲིག་བརྒྱ་སྟོང་ཕྲག་,,མ་མངའ་བདགེ་སློང་,410,ཤེར་ཕྱིན། ཅ།.txt
ལ་ཆོས་བསྟན་པ་རྣམ་པ་,,མ་མཛད་པའམསྤྲུལ་པ་,265,ཤེར་ཕྱིན། ཕ།.txt
དུས་གཅིག་གི་ཚེ་རྟོག་པ་,,མ་མི་སྐྱེ་བས་,5106,ཤེར་ཕྱིན། ཇ།.txt
འཇུག་ལ་སོགས་པའི་རྒོལ་བ་,,མ་ཚར་གཅོད་པའི་,5676,ཤེར་ཕྱིན། ཇ།.txt
ལ་སོགས་པའི་ས་ནི་རྒྱུ་,,མ་ཞིག་གིས་བསྒྲུབས་,3801,ཤེར་ཕྱིན། ཇ།.txt
ཚོགས་དང༌འཇིག་རྟེན་གྱི་ཁམས་,,མ་ཞེས་བྱ་བ་,2464,ཤེར་ཕྱིན། ཕ།.txt
ཡིན་ནོ་ཞེས་བསྟན་པ་ནི་,,མ་ཟག་པ་མ་,2589,ཤེར་ཕྱིན། ཁ།.txt
དཀྱིལ་འཁོར་འོད་ཟེར་སྟོང་ཕྲག་,,མ་འགྱེད་པ་དེའི་,641,ཤེར་ཕྱིན། ཇ།.txt
ཁ་དོག་སྣ་ཚོགས་རྣམ་པ་,,མ་འདི་ལྟ་སྟེསྔོན་,279,ཤེར་ཕྱིན། ཅ།.txt
ཏེལན་ཅིག་རྣམ་པར་རྟོག་པ་,,མ་འབྱུང་བ་ནི་,5516,ཤེར་ཕྱིན། ཇ།.txt
བཞིན་ཐ་དད་པ་རྣམ་པ་,,མ་འབྱུང་འགྱུར་ཞིང་,816,ཤེར་ཕྱིན། ཇ།.txt
དུ་རྒྱུ་གཅིག་ཀྱང་འབྲས་བུ་,,མ་འམ་གཅིག་བྱེད་,8622,ཤེར་ཕྱིན། ཆ།.txt
པ་སྣ་ཚོགས་དང༌མོས་པ་,,མ་ཡང་དག་པ་,2472,ཤེར་ཕྱིན། ཕ།.txt
སྣ་ཚོགས་པ་དང༌མོས་པ་,,མ་ཡང་དག་པ་,4043,ཤེར་ཕྱིན། ག.txt
པར་མི་འགྱུར་ཞིང་རྣམ་པ་,,མ་ཡན་ལག་དྲུག་,2615,ཤེར་ཕྱིན། ཕ།.txt
འདུས་པ་,,མ་ཡིན་ན་ཡང་,2889,ཤེར་ཕྱིན། མ།.txt
དང་བྱེ་བ་ནི་བྱེ་བ་,,མ་ཡིན་ནོ་,3034,ཤེར་ཕྱིན། ཆ།.txt
ཆུབ་ཀྱི་དབྱེ་བ་རྣམ་པ་,,མ་ཡིན་པས་ན་,6287,ཤེར་ཕྱིན། ཆ།.txt
པདྨ་བྱེ་བ་,,མ་ཡིས་,447,བསྟོད་ཚོགས། ཀ.txt
སྒྱུར་བའི་རྒྱལ་སྲིད་བརྒྱ་ཕྲག་,,མ་ཡོངས་སུ་བཟུང༌,1180,ཤེར་ཕྱིན། ག.txt
བའི་རྒྱལ་སྲིད་བརྒྱ་སྟོང་ཕྲག་,,མ་ཡོངས་སུ་བཟུང་,1180,ཤེར་ཕྱིན། ག.txt
བོ་ལ་སོགས་པའི་སྒྲིབ་གཡོགས་,,མ་ཡོད་ན་ཡང་,5592,ཤེར་ཕྱིན། ཆ།.txt
ཡུལ་གྱི་དབྱེ་བས་རྣམ་པ་,,མ་ཡོད་པ་ལསདང་,3697,ཤེར་ཕྱིན། ཆ།.txt
གྱི་སྔོན་གྱི་གནས་རྣམ་པ་,,མ་རྗེས་སུ་དྲན་,1429,ཤེར་ཕྱིན། ག.txt
དེ་སྔོན་གྱི་གནས་རྣམ་པ་,,མ་རྗེས་སུ་དྲན་,4043,ཤེར་ཕྱིན། ག.txt
ནི་སྔོན་གྱི་གནས་རྣམ་པ་,,མ་རྗེས་སུ་དྲན་,1756,ཤེར་ཕྱིན། ཅ།.txt
དང་གཞན་གྱི་གནས་རྣམ་པ་,,མ་རྗེས་སུ་དྲན་,1764,ཤེར་ཕྱིན། ཅ།.txt
བ་ཁྲག་ཁྲིག་བརྒྱ་སྟོང་ཕྲག་,,མ་རྗེས་སུ་འཛིན་,3277,ཤེར་ཕྱིན། ང་།.txt
པ་ལ་སོགས་པ་རྣམ་པ་,,མ་རྗེས་སུ་སྒྲུབ་,2750,ཤེར་ཕྱིན། ཇ།.txt
ཕྱིར་ན་དེ་བཞིན་གཤེགས་པ་,,མ་རྣམས་ཅིག་ཅར་,8531,ཤེར་ཕྱིན། ཆ།.txt
མ་རྣམས་དང༌གཟུངས་ཀྱི་སྒོ་,,མ་རྣམས་དང༌རྣམ་,757,ཤེར་ཕྱིན། ང་།.txt
འདིར་ཡང་དཔེ་,,མ་རྣམས་ཟློས་པའི་,680,ཤེར་ཕྱིན། ཁ།.txt
དེའི་ཚེ་,,མ་རྣམས་ལ་བསྟན་,2712,ཤེར་ཕྱིན། ཁ།.txt
དུད་འགྲོ་,,མ་རྣམས་ལ་ཡང༌་,1953,བསྟོད་ཚོགས། ཀ.txt
སོ་ཐ་དད་པ་གསལ་བ་,,མ་ལ་ཁྱབ་པར་,3841,ཤེར་ཕྱིན། མ།.txt
ཀྱིས་ནི་ཚིག་ཏུ་བརྗོད་པ་,,མ་ལ་བརྟེན་ནས་,1755,ཤེར་ཕྱིན། ཕ།.txt
དེ་དག་སངས་རྒྱས་འབུམ་ཕྲག་,,མ་ལ་བསྙེན་བཀུར་,3040,ཤེར་ཕྱིན། མ།.txt
ཡེ་ཤེས་ཕྲ་བ་རྣམ་པ་,,མ་ལ་འཇུག་པ་,411,ཤེར་ཕྱིན། ཕ།.txt
གྱི་སྙིང་པོ་ཅན་བྱེ་བ་,,མ་ལྟ་ཞོག་གི་,3067,ཤེར་ཕྱིན། ཆ།.txt
བ་སྤུ་,,མ་ལྡང་དང་བཅས་,1859,བསྟོད་ཚོགས། ཀ.txt
དམིགས་པ་ན་ནི་ཡན་ལག་,,མ་ལས་མ་གཏོགས་,189,ཤེར་ཕྱིན། ཉ།.txt
དེ་བས་ན་དེ་རྣམ་པ་,,མ་ལས་རྣམ་པར་,1478,ཤེར་ཕྱིན། མ།.txt
མ་ཡིན་པ་ལ་སོགས་པ་,,མ་ལས་ལྡོག་པ་,8657,ཤེར་ཕྱིན། ཆ།.txt
བྱེ་བ་ཁྲག་ཁྲིག་འབུམ་ཕྲག་,,མ་ལྷན་ཅིག་ཏུ་,3225,ཤེར་ཕྱིན། ཕ།.txt
དུར་ཁྲོད་ཀྱི་རུས་པ་ལོ་,,མ་ལོན་པརླུང་དང་,3978,ཤེར་ཕྱིན། ག.txt
བསྟན་པས་ལྷའི་བུ་སྟོང་ཕྲག་,,མ་སྐྱེ་བ་མེད་,2924,ཤེར་ཕྱིན། ང་།.txt
ཡིན་ན་རྣམ་པར་ཤེས་པ་,,མ་སྐྱེ་བར་བརྟགས་,5991,ཤེར་ཕྱིན། ཆ།.txt
དེའི་ཚེ་རྣམ་པར་ཤེས་པ་,,མ་སྐྱེ་བར་རྟོག་,5991,ཤེར་ཕྱིན། ཆ།.txt
མ་ཡིན་ཏེགཅིག་ལས་འབྲས་བུ་,,མ་སྐྱེད་ན་རྒྱུ་,8666,ཤེར་ཕྱིན། ཆ།.txt
བ་འགལ་བས་,,མ་སྐྱེད་པར་རིགས་,8669,ཤེར་ཕྱིན། ཆ།.txt
དོག་ཏུ་སྤྲུལ་པ་རྣམ་པ་,,མ་སྟོན་ཅིང༌ཕྱོགས་,264,ཤེར་ཕྱིན། ཕ།.txt
པ་སྣ་ཚོགས་པའི་བྱ་བ་,,མ་སྟོན་པར་བྱེད་,1158,ཤེར་ཕྱིན། ཇ།.txt
ཁྲིམས་ཀྱིས་དུད་འགྲོའི་འགྲོ་བ་,,མ་སྣ་ཚོགས་པའི་,1621,ཤེར་ཕྱིན། ཇ།.txt
བ་སྣ་ཚོགས་ནི་རྣམ་པ་,,མ་སྣ་ཚོགས་པའོ་,1384,ཤེར་ཕྱིན། ཇ།.txt
རེ་རྣམ་པ་ཐམས་ཅད་ནི་,,མ་སྣ་ཚོགས་ཡིན་,1508,ཤེར་ཕྱིན། མ།.txt
པའི་ཤེས་པ་ཡང་རྣམ་པ་,,མ་སྣང་བ་ཉམས་,1501,ཤེར་ཕྱིན། མ།.txt
ཡང་འགལ་བ་མེད་དེརྣམ་པ་,,མ་སྣང་ཞིང་སྟོན་,795,ཤེར་ཕྱིན། མ།.txt
བྱང་ཆུབ་སེམས་དཔའ་སྟོང་ཕྲག་,,མ་སྦྱིན་པའི་ཕ་,3630,ཤེར་ཕྱིན། ང་།.txt
དུར་ཁྲོད་ཀྱི་རུས་པ་ལོ་,,མ་སོང་བ་རབ་,3980,ཤེར་ཕྱིན། ག.txt
པདེ་ལྟར་བརྩོན་པ་རྣམ་པ་,,མཆིས་ཞེས་ཞུས་པའི་,1908,ཤེར་ཕྱིན། ཕ།.txt
དབང་,,མཛད་ནས་བྱེ་བྲག,859,བསྟོད་ཚོགས། ཀ.txt
པའི་བྱེ་བྲག་གིས་ཡན་ལག་,,མའི་ངོ་བོ་ཉིད་,188,ཤེར་ཕྱིན། ཉ།.txt
ཡང་ཇི་ལྟར་གཅིག་གིས་,,མའི་ངོ་བོ་བྱེད་,590,ཤེར་ཕྱིན། ཇ།.txt
པ་ཡིན་ནདེའི་ཚེ་གཅིག་ནི་,,མའི་ངོ་བོར་འགྱུར་,8669,ཤེར་ཕྱིན། ཆ།.txt
པ་དང་རྣམ་པར་རྟོག་པ་,,མའི་དྲི་མས་བརྩམས་,3659,ཤེར་ཕྱིན། ཕ།.txt
རྒྱལ་བ་དེ་བཞིན་གཤེགས་པ་,,མའི་དོན་བྱེད་པར་,591,ཤེར་ཕྱིན། ཇ།.txt
བྱས་ཤིང་སྨོན་ལམ་རྣམ་པ་,,མའི་ཕྱིར་མཐའ་ཡས་,984,ཤེར་ཕྱིན། ཇ།.txt
གཙུག་ལག་ཁང་རྒྱ་ཆེན་པོ་,,མའི་བདག་པོསློབ་དཔོན་,4223,ཤེར་ཕྱིན། ཀ.txt
རྣམ་པ་,,མའི་བྱ་བ་བྱེད་,1177,ཤེར་ཕྱིན། ཇ།.txt
གནས་པ་ནི་རྣམ་པ་,,མའི་ཡོན་ཏན་སྐྱེད་,266,ཤེར་ཕྱིན། ཇ།.txt
བརྗོད་པ་རྣམ་པར་རིག་པ་,,མའི་རྒྱུ་མཚན་ཡིན་,3995,ཤེར་ཕྱིན། ཀ.txt
པ་དང་འབྲེལ་བའི་དངོས་པོ་,,མའི་རང་བཞིན་ཉིད་,4463,ཤེར་ཕྱིན། ཆ།.txt
རང་བཞིན་གྱིས་མ་ཁྱབ་པས་,,མའི་རང་བཞིན་ཉིད་,6006,ཤེར་ཕྱིན། ཆ།.txt
འདིས་ནི་,,མའི་རང་བཞིན་དང་,3380,ཤེར་ཕྱིན། མ།.txt
པས་ནའཇིག་རྟེན་གྱི་ཁམས་རྣམས་,,མའི་རང་བཞིན་དང་,3381,ཤེར་ཕྱིན། མ།.txt
ཡིན་ཞེ་ནབརྗོད་པར་བྱ་སྟེ་,,མའི་རང་བཞིན་ལས་,6002,ཤེར་ཕྱིན། ཆ།.txt
བྱ་སྣ་ཚོགས་པ་རྣམ་པ་,,མའི་རྗེས་སུ་འཇུག་,877,བསྟོད་ཚོགས། ཀ.txt
ཡིན་ཏེ་དགའ་བ་རྣམ་པ་,,མའི་རྟེན་ཡིན་པའི་,830,ཤེར་ཕྱིན། ཉ།.txt
ནི་ཞེས་བྱ་བ་ནིསྦྱོར་བ་,,མའི་སྒྲུབ་པའོ་,3999,ཤེར་ཕྱིན། ཆ།.txt
སྣ་ཚོགས་པ་ནི་རྣམ་པ་,,མའོ་,857,བསྟོད་ཚོགས། ཀ.txt
དུ་གཅོད་པ་རྣམས་མང་ནི་,,མའོ་,835,ཤེར་ཕྱིན། ཇ།.txt
འོང་བའི་ཚིག་ནི་ལན་གྲངས་,,མར་གཏོང་བ་དང་,758,ཤེར་ཕྱིན། མ།.txt
གསུང་གཅིག་ལ་སྒྲའི་རྣམ་པ་,,མར་གནས་པའི་ཕྱིར་,1500,ཤེར་ཕྱིན། ཀ.txt
གསུང་གཅིག་ལས་སྒྲའི་རྣམ་པ་,,མར་གནས་པའི་ཕྱིར་,1295,ཤེར་ཕྱིན། ཁ།.txt
ཡིན་པར་རྟག་ཏུ་ལན་གྲངས་,,མར་གསུངས་སོ་,1420,ཤེར་ཕྱིན། མ།.txt
གེ་དང་ལྡན་པར་རྣམ་གྲངས་,,མར་གོ་བར་བྱསཡང་,1712,ཤེར་ཕྱིན། ང་།.txt
གསུང་གཅིག་བརྗོད་པས་རྣམ་པ་,,མར་གོ་བར་མཛད་,4146,ཤེར་ཕྱིན། ཁ།.txt
བཤད་པ་འདི་ཡང་བརྒྱ་ཕྲག་,,མར་ཉན་ཐོས་ཀྱི་,5911,ཤེར་ཕྱིན། ཇ།.txt
རྣམ་པ་,,མར་ཉེ་བར་རྟོག་,1020,ཤེར་ཕྱིན། ཀ.txt
དབྱིངས་ཡིན་པར་སྔོན་རྣམ་པ་,,མར་བཞག་པ་དེ་,721,ཤེར་ཕྱིན། མ།.txt
དག་པའི་སྦྱོར་བས་བསྐལ་པ་,,མར་བསྒྲུབས་པའི་བསོད་,2579,ཤེར་ཕྱིན། ཇ།.txt
རྒྱུ་ཉིད་ཡིན་པར་ལན་གྲངས་,,མར་བསྟན་ཟིན་ལབསྟན་,1787,ཤེར་ཕྱིན། མ།.txt
ཇི་ལྟར་,,མར་འགྱུར་ཏེ,6072,ཤེར་ཕྱིན། ཆ།.txt
ནི་རྣམ་པར་ཤེས་པ་དེ་,,མར་འགྱུར་ཏེརྟོགས་པའི་,8651,ཤེར་ཕྱིན། ཆ།.txt
ཇི་ལྟ་བུ་ཞེ་ནརྣམ་པ་,,མར་འཇུག་ཅིང་ཞེས་,877,བསྟོད་ཚོགས། ཀ.txt
སྣ་ཚོགས་ཐབས་ཚུལ་རྣམ་པ་,,མར་འཇུག་ཅིང་སྲིད་,785,བསྟོད་ཚོགས། ཀ.txt
ཕྱིར་རྒོལ་བའོ་ཞེས་རྣམ་གྲངས་,,མར་འདོད་པ་རྣམས་,580,ཤེར་ཕྱིན། ག.txt
དང་ནང་དང་བར་རྣམ་པ་,,མར་འབུས་གཞིགས་པས་,132,ཤེར་ཕྱིན། ཁ།.txt
བའི་སྒོ་ནས་ནི་བསྐལ་པ་,,མར་ཡང་དག་པར་,926,ཤེར་ཕྱིན། ཉ།.txt
གྱིས་ནི་ལོ་བྱེ་བ་ཕྲག་,,མར་ཡང་དག་པར་,1181,ཤེར་ཕྱིན། ཉ།.txt
པ་ཟབ་མོ་འདི་རྣམ་གྲངས་,,མར་རྒྱ་ཆེར་པ་,1395,ཤེར་ཕྱིན། ཅ།.txt
པ་ཡིན་ནོ་ཞེས་གནས་སྐབས་,,མར་རྣམ་པར་གཞག་,1008,ཤེར་ཕྱིན། ཇ།.txt
ལྡན་པ་ནི་,,མར་ཤེས་པར་བྱས་,872,ཤེར་ཕྱིན། ཁ།.txt
ཤེས་པ་,,མར་སྐྱེ་བ་ཡང་,6118,ཤེར་ཕྱིན། ཆ།.txt
བ་ནི་སྣང་བ་རྣམ་པ་,,མར་སྐྱེད་པ་ཡིན་,1476,ཤེར་ཕྱིན། མ།.txt
གྱི་དོན་རྩོམ་པའི་བསྐལ་པ་,,མར་སྤྱད་པའི་གཏོང་,3774,ཤེར་ཕྱིན། ཇ།.txt
ངོ་བོ་ལྷན་ཅིག་བྱེད་པ་,,མས་ཀྱང་འབྲས་བུ་,121,ཤེར་ཕྱིན། མ།.txt
བ་ཁྲག་ཁྲིག་བརྒྱ་སྟོང་ཕྲག་,,མས་གནས་བརྟན་ཚེ་,440,ཤེར་ཕྱིན། ང་།.txt
གེ་དང་ལྡན་པར་རྣམ་གྲངས་,,མས་གཞན་ལ་རྒྱ་,1798,ཤེར་ཕྱིན། ང་།.txt
ས་ཕྱོགས་དེ་ཡང་རྣམ་པ་,,མས་བརྒྱན་པར་བྱའོ་,1350,ཤེར་ཕྱིན། ང་།.txt
པ་ལ་གནས་པ་འབད་པ་,,མས་བསྒྲུབ་པར་བྱ་,1835,ཤེར་ཕྱིན། ཆ།.txt
གཙོ་བོ་རྣམས་ཀྱིས་རྣམ་པ་,,མས་མཆོད་པར་འོས་,47,ཤེར་ཕྱིན། ཕ།.txt
ཆེན་པོ་རྣམས་ནི་རྣམ་གྲངས་,,མས་འདོད་པ་རྣམས་,576,ཤེར་ཕྱིན། ག.txt
འདི་སྐད་བརྗོད་པ་ཡིན་ཏེརྒྱུ་,,མས་འབྲས་བུ་གཅིག་,8622,ཤེར་ཕྱིན། ཆ།.txt
དེ་ལ་གལ་ཏེ་རྒྱུ་,,མས་འབྲས་བུ་གཅིག་,8623,ཤེར་ཕྱིན། ཆ།.txt
དགེ་བའི་རྩ་བའི་སྦྱོར་བ་,,མས་ཡོངས་སུ་གྲུབ་,8699,ཤེར་ཕྱིན། ཆ།.txt
བཞུགས་པ་བྱང་ཆུབ་སེམས་དཔའ་,,མས་ཡོངས་སུ་བསྐོར་,1698,ཤེར་ཕྱིན། མ།.txt
པའི་དོན་གཞན་ལ་རྣམ་གྲངས་,,མས་རྒྱ་ཆེར་སྟོན་,1707,ཤེར་ཕྱིན། ང་།.txt
བའི་གཉེན་པོར་སྲིན་བུའི་རིགས་,,མས་ལུས་ཁྱབ་པའི་,142,ཤེར་ཕྱིན། ཁ།.txt
ལ་སོགས་པར་ཐལ་བ་བཟློག་,,མེད་དོ་,6053,ཤེར་ཕྱིན། ཆ།.txt
དེ་རྣམ་པ་,,ཞིག་ཅེ་ནདེ་ནི་,2714,ཤེར་ཕྱིན། ཇ།.txt
ཕ་རོལ་ཏུ་ཕྱིན་པ་དེ་,,ཞིག་ཅེ་ནདེ་ལ་,22,ཤེར་ཕྱིན། ཁ།.txt
དབྱེ་བའི་བརྟགས་པ་རྣམ་པ་,,ཞིག་ཏུ་རྟོགས་པར་,5362,ཤེར་ཕྱིན། ཕ།.txt
འདི་ལ་རྣམ་པར་རྟོག་པ་,,ཞིག་ཏུ་རྣམ་པར་,431,ཤེར་ཕྱིན། ཁ།.txt
རྣམ་པ་,,ཞིག་ཡིན་ཞེ་ན་,3049,ཤེར་ཕྱིན། ཁ།.txt
དེ་རྣམ་པ་,,ཞིག་ཡིན་ཞེ་ནདེ་,3000,ཤེར་ཕྱིན། ཀ.txt
ཀྱི་སྐུའི་ཕྲིན་ལས་རྣམ་པ་,,ཞིག་ཡིན་ཞེ་ནའགྲོ་,4064,ཤེར་ཕྱིན། ཀ.txt
ཀྱི་སྐུའི་ཕྲིན་ལས་རྣམ་པ་,,ཞིག་ཡིན་ཞེ་ནའགྲོ་,4212,ཤེར་ཕྱིན། ཁ།.txt
ཡང་ས་གང་ལ་ཆོས་,,ཞིག་ཡོངས་སུ་སྦྱོང་,1022,ཤེར་ཕྱིན། ཁ།.txt
རྣམ་པར་འཕེལ་བ་རྣམ་པ་,,ཞིག་ཡོད་ཅེ་ནདང་,7338,ཤེར་ཕྱིན། ཆ།.txt
རྣམ་པར་འཕེལ་བ་རྣམ་པ་,,ཞིག་ཡོད་ཅེ་ནརྣམ་,2782,ཤེར་ཕྱིན། ཇ།.txt
དེ་རྣམས་ཀྱང་ཆོས་,,ཞིག་སེམས་ཅན་ཐམས་,775,ཤེར་ཕྱིན། ཁ།.txt
དེ་ཅིའི་་,,ཞེ་ནབཅོམ་ལྡན་འདས་,936,ཤེར་ཕྱིན། ཅ།.txt
མ་དང་མཛའ་བཤེས་དང་ཉེ་,,ཞེས་བྱ་བ་དེ་,670,ཤེར་ཕྱིན། ཕ།.txt
ཐམས་ཅད་ཀྱི་འབྲས་བུ་མཆོག་,,འགྱུར་བ་ཞེས་བྱ་,3642,ཤེར་ཕྱིན། ཁ།.txt
མ་ཡིན་པ་གཅིག་ནས་གཅིག་,,འཕེལ་བར་འགྱུར་བས་,959,ཤེར་ཕྱིན། མ།.txt
ཏོ་པ་དེ་ཤ་ཤཱསྟྲ་བྲྀཏྟི་,,ར་བ་བོ་དྷཱ་,3300,ཤེར་ཕྱིན། ཇ།.txt
འདོད་རྒྱལ་,,རྡུལ་རྣམ་པ,4079,ཤེར་ཕྱིན། མ།.txt
ལ་ཐོག་མར་སྐྱེ་བ་ཐོབ་,,རུང་བ་ཉིད་ཀྱིས་,2956,ཤེར་ཕྱིན། ཆ།.txt
གཟུགས་པའི་དོན་,,ཤེས་པ,2875,ཤེར་ཕྱིན། མ།.txt
ཁྲིམས་དང་ཤེས་རབ་ལོགས་ཤིག་,,སྨོས་པ་ཡོན་ཏན་,3026,ཤེར་ཕྱིན། མ།.txt
དེ་འདི་སྙམས་,,སེམས་ཏེདོན་དམ་པ་,3869,ཤེར་ཕྱིན། མ།.txt
